檢驗站站號,檢驗站站名,檢驗站地址,檢驗站市話
B10,新富國輪業有限公司,臺中市西區昇平里向上路一段118號1樓,(04)23015360
B11,一二車業有限公司,臺中市南屯區黎明路一段1094號一樓,(04)23899474
B12,東和車業商行,臺中市南區工學里工學路179號1樓,(04)22606199
B13,證達企業有限公司,臺中市北區賴興里山西路二段135號一樓,(04)22916766
B14,光賜機車店,台中市北區梅豐街88號 (靠進化路）,(04)22319337
B15,海蔦輪業有限公司,臺中市北屯區北屯路236之6號1樓,(04)22310822
B17,國瑋機車商行,台中市西屯區何厝街17號,(04)23130848
B18,明風車業有限公司,臺中市西屯區西屯路三段33號,(04)27022165
B19,元輪機車有限公司,台中市西區西屯路二段9-1號,(04)23147471
B20,昇興機車行,臺中市西屯區上石里西屯路二段271之2號1樓,(04)27017352
B21,水湳車業有限公司,臺中市北屯區大德里中清路二段378號,(04)22929587
B22,光雄輪業有限公司,臺中市西區公民里五權路1之43號1樓（四街口）,(04)23724408
B23,儷豐輪業有限公司,臺中市南區江川里五權南路280號1樓,(04)22616045
B24,鴻鼎車行,臺中市北屯區水湳里大連路一段29號1樓,(04)22958551
B25,勁葉輪業有限公司,臺中市北區邱厝里中清路一段216號,(04)22061813
B27,坤發輪業行,臺中市北屯區仁和里水湳路142之1號,(04)24226667
B28,富貴輪輪業有限公司,臺中市北屯區松竹里昌平路二段9之13號1樓,(04)22417949
B29,盛泰機車行,臺中市北屯區新平里中清路二段375號,(04)22923823
B30,永鑫輪業行,臺中市北屯區三和里東光路742號1樓,(04)24364306
B31,金冠輪車業有限公司,臺中市北屯區進化北路65號1樓,(04)22339374
B32,先輪機車商號,臺中市北區金龍里三民路三段337號1樓,(04)22321919
B34,錦陽車業商行,臺中市北區五常里五權路385號1樓,(04)22010606
B35,同陽機車行,臺中市西屯區西墩里西屯路三段57之7號1樓,(04)27067071
B36,泰豪車業有限公司,臺中市北區賴村里進化北路421號,(04)22050556
B37,新永福輪業商行,臺中市西屯區西安里光明路170號1樓,(04)27015976
B38,富全機車行,臺中市西屯區西屯路二段24號,(04)23129391
B39,逢甲輪業行,臺中市西屯區上石里西屯路二段285之7號1樓,(04)27016864
B40,高明車業有限公司,臺中市西區中興里中美街232號1樓,(04)23029090
B41,?億車業有限公司,臺中市西區平和里中華路一段29號,(04)22221755
B42,榮信機車行,臺中市西區公正里大墩十街2號1樓,(04)23291383
B43,千晟車業有限公司,臺中市西區民權路157號,(04)22233366
B44,弘國機車行,臺中市西區昇平里美村路一段385號1樓,(04)23027315
B45,永盛車業有限公司,臺中市西區吉龍里美村路一段731號1樓,(04)23715940
B46,國華機車行,臺中市烏日區溪埧里溪南路一段575巷10號1樓,(04)23352330
B47,宥任車業有限公司,臺中市東區自由路三段225號1樓,(04)22139139
B48,宏笙福車業有限公司,臺中市東區東興里仁和路425號1樓,(04)22822088
B49,興冠輪業有限公司,臺中市東區建成路350之1號1樓,(04)22125777
B50,忠信機車行,台中市南區國光路15號1樓,(04)22210729
B51,國暉輪業有限公司,臺中市東區十甲里精武東路127號1樓,(04)22125370
B52,元裕輪車業有限公司,臺中市南屯區春社里永春南路17號1樓,(04)23833267
B53,新昇輪機車行,臺中市南區南門里忠明南路1242號1樓,(04)22813325
B54,功利輪業商行,臺中市南區國光路31號,(04)22273897
B55,順駿車業有限公司,臺中市南區南門里國光路483號,(04)22862508
B57,新弘機車行,臺中市北屯區太原路三段130號,(04)22332785
B58,尚達輪業有限公司,臺中市北屯區三光里北屯路208號1樓,(04)22302260
B59,忠耘車業有限公司,臺中市北屯區平昌里昌平路一段172號1樓,(04)22347173
B60,駿成機車行,臺中市北屯區昌平路二段158之5之6號1樓,(04)24223769
B61,瑞山機車業有限公司,臺中市北屯區東光里東山路一段23之2號1樓,(04)22437159
B62,永章機車行,臺中市北屯區軍功里東山路一段249之3號1樓,(04)24367706
B63,順發車行,臺中市北屯區松安里興安路二段407號一樓,(04)22420047
B64,中森輪業有限公司,臺中市北區新北里三民路三段212之2號1樓,(04)22230109
B65,國輪車業行,臺中市北區金龍里三民路三段443號1樓,(04)22323533
B66,進德機車行,臺中市北區淡溝里西屯路一段234號,(04)22033646
B67,吉順機車行,臺中市北區建德里富強街1號1樓,(04)22388172
B69,啟揚機車行,臺中市西屯區中工二路26號1樓,(04)23504818
B70,長慶輪業商行,臺中市西屯區福中里中工二路230號一樓,(04)23582410
B71,樺揚機車行,臺中市西屯區大鵬里中清西二街169號1樓,(04)22956725
B72,景順機車行,臺中市西屯區港尾里中清路二段1236號1樓,(04)24258943
B74,佑新車業行,臺中市西屯區何仁里文心路三段226號1樓,(04)23131482
B75,德新車行,臺中市西屯區何南里臺灣大道二段815號1樓,(04)23285758
B76,弘新輪業行,臺中市西屯區永福路182巷2號,(04)24625235
B77,卓越機車行,臺中市西屯區福林里玉門路94號1樓,(04)24612801
B78,富仁機車行,臺中市西屯區潮洋里黎明路二段969號一樓,(04)22510577
B79,承昌機車有限公司,臺中市西屯區西墩里黎明路三段65號1樓,(04)27027238
B80,協進機車行,臺中市西屯區惠來里西屯路二段150-2號1樓,(04)23110211
B81,詠全機車行,臺中市西屯區何德里甘肅路一段111號1樓,(04)23142093
B82,中信機車行,臺中市西屯區大河里中平路132號1樓,(04)22928416
B83,享順機車行,臺中市西屯區西平里福星路312號1樓,(04)27061259
B84,明德車行,臺中市西屯區潮洋里黎明路二段894號,(04)22524398
B85,弘源輪業行,臺中市西屯區西墩里黎明路三段250號1樓,(04)27065896
B86,展億車業,臺中市西區藍興里三民路一段76號1樓,(04)23722542
B87,崑輪機車行,臺中市西區民權路242號1樓,(04)22016172
B88,大統機車行,臺中市西區公正里向上南路一段198號,(04)24755868
B89,元隆車業有限公司,臺中市西區和龍里五權路183號1樓及183之1號1樓,(04)22020060
B90,勤益機車行,臺中市西區公正里東興路三段59號1樓,(04)23299020
B91,南裕車業有限公司,臺中市西區公館里南屯路一段79之1號,(04)23714638
B92,慶達機車行,臺中市南區樹德里大慶街二段29-1號1樓、29-2號1樓,(04)22654967
B93,興泰機車行,臺中市西區吉龍里美村路一段641號1樓,(04)23725402
B94,榮田機車行,臺中市東區十甲里十甲路136之2號1樓,(04)22139607
B95,通順機車行,臺中市東區東橋里大智路445號1樓,(04)22816576
B96,榮豐機車行,臺中市東區振興里忠孝路469號1樓,(04)22832435
B97,瑞鎰車業商行,臺中市東區東勢里進化路207之4號,(04)23602043
B98,福興機車行,臺中市東區新庄里復興路4段9號1樓,(04)22268222
B99,順利機車行,臺中市東區樂成里樂業路257號1樓,(04)22131240
BA0,三元機車行,臺中市南屯區田心里五權西路二段540號1樓,(04)23897478
BA1,祥發機車行,臺中市南屯區文山里嶺東路842號1樓,(04)23829747
BA2,南美機車行,臺中市南屯區田心里向心路53號1樓,(04)23852658
BA3,玉鼎機車行,臺中市南屯區大同里東興路二段182號1樓,(04)24723427
BA4,答穩輪業有限公司,臺中市南屯區永定里南屯路二段689號,(04)23891710
BA5,上陽機車行,臺中市南屯區寶山里五權西路三段89號1樓,(04)23811505
BA6,源福興機車行,臺中市南屯區楓樹里黎明路一段196號,(04)24790456
BA7,富源行,臺中市中區柳川里臺灣大道一段396號1樓,(04)22225747
BA8,聯福機車行,臺中市南區城隍里忠孝路120號1樓,(04)22875020
BA9,元貴機車行,臺中市南區忠明南路681號1樓,(04)23754117
BB0,瑞安輪業商行,臺中市南區南和路136號1樓,(04)22627522
BB1,展昌車行,臺中市南區江川里建成路1802號,(04)22870252
BB2,國光車業行,臺中市南區南門里國光路375號1樓,(04)22878048
BB3,吉豐車行,臺中市南區和平里復興路二段36之6號1樓,(04)22610387
BB4,昇旺機車行,臺中市北屯區平安里北平路四段36號,(04)22371715
BB5,良翊輪業商行,臺中市北區永興街178號1樓,(04)22361127
BB6,振發機車行,臺中市南屯區田心里惠文南街266號1樓,(04)23846488
BB7,新民車業有限公司,臺中市北屯區平陽里大連路一段391號1樓,(04)22920555
BB8,大連機車專業商行,臺中市北屯區平福里大連路二段251號1樓,(04)22450338
BB9,廣昌機車行,臺中市南屯區三義里黎明路二段480號1樓,(04)22527224
BC0,富達機車行,臺中市北屯區舊社里遼寧路一段446號1樓,(04)22428597
BC1,坤益車業機車行,臺中市北屯區平順里大連路三段72號1樓,(04)22434163
BC2,鴻昌機車行,臺中市北屯區仁和里崇德路三段319號,(04)24210530
BC3,黎明機車行,臺中市南屯區三和里黎明路二段347號1樓,(04)22523887
BC4,燁群輪業行,臺中市北區崇德里進化北路120號1樓,(04)22301865
BC5,昌興機車行,臺中市南屯區楓樹里黎明路一段226號1樓,(04)24790197
BC6,吉佑機車行,臺中市西屯區廣福里廣福路322號,(04)27016229
BC7,五元車行,臺中市南屯區南屯里南屯路二段746號,(04)23897522
BC8,東峰機車行,臺中市北區育德里美德街209號1樓,(04)22067999
BC9,上益機車行,臺中市北屯區昌平路一段147號,(04)22454838
BD0,全億機車行,臺中市北區明德里太原路一段374號1樓,(04)22058189
BD1,暉凡車業有限公司,臺中市南區樹義里大慶街二段1之7號1樓,(04)22630575
BD2,暉祥汽車有限公司,臺中市西屯區大河里甘肅路二段122號,(04)23112388
BD3,聯宏輪業行,臺中市東區東信里十甲東路397號1樓,(04)22113888
BD4,宏恩機車行,台中市西屯區西屯路三段164-24號,(04)24619967
BD5,凱旭機車行,臺中市北區建興里崇德路一段254號1樓,(04)22354874
BD6,崑松機車行,台中市北屯區松竹里松竹路2段437號1樓,(04)22477847
BD7,金和機車行,台中市東區振興路369之28號,(04)22124386
BD8,見才商行,臺中市西區平和里民生路116號1樓,(04)22270979
BE0,弘永發車業,臺中市大雅區員林里中清路四段289號1樓、291號1樓,(04)25663069
BE1,新動力車業,臺中市大雅區員林里雅環路三段121號1樓,(04)25678794
BE2,成泰機車行,臺中市外埔區大東里甲后路五段67號1樓,(04)26800708
BE3,飛力機車行,臺中市沙鹿區興安里興安路50-2號1樓,(04)26352436
BE4,東岡機車行,臺中市龍井區山腳里沙田路六段231號,(04)26362803
BE5,駿成車業行,臺中市霧峰區本鄉里草湖路1號1樓,(04)23303982
BE6,宏益機車行,臺中市霧峰區萊園路15-8號1樓,(04)23397511
BE7,榮輪輪業行,臺中市北區中達里篤行路338號1、2樓,(04)22016838
BE8,展裕輪業行,臺中市北區賴旺里青島路一段24號1樓,(04)22938959
BE9,亞慶機車行,臺中市北屯區水景里東山路一段145之14號1樓,(04)24369097
BF0,合意機車行,臺中市大里區金城里塗城路792號1樓,(04)24931607
BF1,台力機車行,臺中市大里區長榮里大里路108之2號,(04)24811229
BF2,忠政機車行,臺中市大肚區福山里沙田路一段519之2號,(04)26933118
BF3,建達機車行,臺中市太平區宜昌里宜昌路540號1樓,(04)22768297
BF4,振武機車行,臺中市太平區新光里振武路10號1樓、12號1樓,(04)23952358
BF5,狄勇機車行,臺中市南區崇倫里建國北路一段257號1樓,(04)23731758
BF6,新日陽車業行,臺中市烏日區九德里中山路一段180號1樓,(04)23373323
BF7,速可達車業行,臺中市西屯區福聯里福科路899號1樓、2樓,(04)24629368
BF8,泰峰車業行,臺中市豐原區豐東路66號,(04)25293700
BF9,富暉車業有限公司,臺中市豐原區圓環北路2段121號1樓,(04)25268665
BG0,富達輪業行,臺中市豐原區向陽路370號,(04)25233696
BG1,大晉機車零件社,臺中市豐原區南嵩里水源路233號1樓,(04)25221783
BG2,愛車機車行,臺中市大雅區神林南路195號,(04)25601988
BG3,東祐機車行,臺中市太平區樹德路85之1號,(04)23982618
BG4,十甲車業行,臺中市東區十甲路357號,(04)22138643
BG5,春源機車行,臺中市西區模範街52號,(04)23015213
BG6,速可達車業有限公司,臺中市西屯區上石里西屯路二段269之46號1樓、269之47號1樓,(04)27083448
BG7,飛帆車業有限公司,臺中市南屯區永定里黎明路2段107號1樓,(04)23898852
BG8,五同輪業有限公司,臺中市南屯區大墩路71號,(04)24752666
BH0,新興機車行,臺中市東勢區下新里東蘭路74-2、74-12號,(04)25874151
BH1,永新機車行,臺中市大里區中興路二段850號1樓,(04)24865698
BH2,德勝機車行,臺中市太平區光興路1756號1樓,(04)22777681
BH3,冠泰機車行,臺中市沙鹿區鎮南路二段296號1樓,(04)26333029
BH4,松億機車行,臺中市沙鹿區北勢里英才路115號,(04)26335866
BH5,祐嘉車業行,臺中市沙鹿區居仁里中山路368號,(04)26655329
BH6,俊譽車業行,臺中市神岡區北庄里中山路1325-2號1樓,(04)25628281
BH7,裕展機車行,臺中市西區平和里四維街119號1樓,(04)22220446
BH8,展丞機車行,臺中市南區復興路二段58號1樓,(04)22606127
BH9,仁富機車行,臺中市西屯區臺灣大道四段667號,(04)23582132
BI1,鴻宇機車行,臺中市北屯區松安里興安路二段442之1號,(04)22447517
BI2,上和車行,臺中市潭子區東寶里大豐路二段38號1樓,(04)25345773
BI4,揚益機車行,臺中市后里區眉山里甲后路二段507號1樓,(04)25567999
BI5,金德機車行,臺中市大甲區順天路355-2號,(04)26883167
BI6,志吉機車行,臺中市清水區信義五街96-5號1樓,(04)26584886
BI7,禾新車行,臺中市西區安龍里林森路263號1樓,(04)23728990
BI8,翔勁機車行,臺中市北區大湖里中華路二段103號,(04)22038079
BI9,寶豐機車行,臺中市大雅區中山北路162號1樓、2樓,(04)25652579
BJ1,吉詠機車行,臺中市北區建興里健行路422號1、2樓及424號1、2樓,(04)22350121
BJ2,新幸福機車行,臺中市南屯區文山里忠勇路52-252號1樓,(04)23805298
BJ3,京站機車行,臺中市新社區永源村中和街1段134號,(04)25812363
BJ4,佶聖機車店,臺中市南區美村路二段76號,(04)23787733
BJ5,森旺車業行,臺中市北區漢口路三段227號1樓,(04)22963688
BJ6,裕泰機車行,臺中市北區中清路一段741號,(04)22920178
BJ7,勝祥機車行,臺中市北屯區崇德二路一段173號1樓,(04)22477678
BJ8,焌捷機車行,臺中市南區新榮里學府路133號1樓,(04)2220-3429
BJ9,上輪機車行,臺中市東區台中路13號,(04)22212221
BK1,新通修理行,臺中市太平區中興里太平路668號1號,(04)22780120
BK2,瑞福機車行,臺中市太平區大源路22號,(04)23933672
BK3,大山機車行,臺中市大里區中興路二段702號,(04)24872028
BK4,易陞機車行,臺中市大雅區雅環路二段67號,(04)25602486
BK5,廣達機車行,臺中市潭子區大富路一段25號,(04)25350599
BK6,昇豐車業行,臺中市太平區永豐路39號,(04)22778545
BK7,弘翔機車行,臺中市太平區新平路一段144號,(04)22789088
BK8,大通機車行,臺中市潭子區中山路三段326號1樓,(04)25358769
BK9,佳政機車行,臺中市大里區東昇里日新路230號1樓,(04)24832242
BL1,益民機車行,臺中市大里區益民路二段124號,(04)24810220
BL2,曼尼機車行,臺中市南區工學路13-21號1樓、2樓,(04)22610981
BL3,旭光輪業行,臺中市大里區東里路36號、38號1樓,(04)24076523
BL4,原永昌機車行,臺中市大肚區蔗?里遊園路二段87號1樓、89號1樓,(04)26911683
BL5,洽億機車行,臺中市大甲區錦上街8號,(04)26864199
BL6,新信發車業行,臺中市沙鹿區保安路147號,(04)26366077
BL7,全勝機車行,臺中市龍井區中央路一段209號,(04)26380263
BL8,銓信機車行,臺中市大甲區日南里青年路46號、48號,(04)26820910
BL9,萬興機車行,臺中市西屯區福和里中工三路148號1樓,(04)23587668
BM1,龍旺車業行,臺中市南屯區忠勇路32-7號1、2樓,(04)23892341
BM2,輝達輪業行,臺中市南屯區永定里永春路18-28號1樓,(04)23830541
BM3,嘉祥機車行,臺中市南屯區黎明路一段793號1、2樓,(04)24790882
BM4,昇益機車行,臺中市南屯區大墩路275號,(04)24737503
BM5,瑞益機車行,臺中市西屯區中工二路75號,(04)23588325
BM6,冠文機車行,臺中市大里區益民路二段85號,(04)24861185
BM7,翊展車業行,臺中市東區十甲東路817號,(04)22111080
BM8,大豐機車行,臺中市南屯區惠中里向上路一段636號,(04)23264217
BM9,哈囉車業商行,臺中市北屯區熱河路二段172號1樓,(04)22431469
BN2,樺興機車行,臺中市豐原區西勢路233號、235號,(04)25279683
BN3,久元輪業行,臺中市西區公正路276號1樓,(04)23053555
BN4,宏運機車行,臺中市太平區育仁路69號1樓、2樓,(04)23938222
BN5,永詮機車行,臺中市太平區大源路52號,(04)23938965
BN6,信通機車行,臺中市霧峰區六股里中正路404號,(04)23391589
BN7,大輝機車行,臺中市新社區東新路2段49號,(04)25813331
BN8,立弘機車行,臺中市潭子區圓通南路282號1、2樓,(04)25320399
BN9,宗晟機車行,臺中市清水區鰲峰路192-3號1樓,(04)26222108
BO1,偉勝機車行,臺中市北屯區北平路三段31號1樓、2樓,(04)22346490
BO2,成發機車行,臺中市大雅區平和路45號,(04)25660775
BO3,和晉機車行,臺中市西區南屯路一段188號,(04)23750655
BO4,富順車業行,臺中市大雅區昌平路三段650號,(04)25661365
BO5,全暉機車行,臺中市西屯區華美西街2段381號1樓,(04)23168530
BO6,甲順輪業行,臺中市大甲區水源路168號,(04)26861365
BO7,億元機車行,臺中市北屯區東山路一段143之6號1、2樓,(04)24350219
BO8,光展機車行,臺中市北屯區文昌東四街73號,(04)22374131
BO9,三豐機車行,臺中市東區東南里十甲路55號1樓及十甲路57巷1號1樓、2樓,(04)22127827
BP1,民宏機車行,臺中市東勢區上城里上城街150號1樓,(04)25852806
BP2,永旭機車行,臺中市豐原區南陽里南陽路261號1樓,(04)25294395
BP3,裕祐機車行,臺中市后里區義里里甲后路一段135號1、2樓,(04)25586611
BP4,盛新輪業,臺中市霧峰區振興街117號1樓,(04)23307229
BP5,子翔機車行,臺中市大里區仁愛路153號1樓,(04)24913907
BP6,大裕機車行,臺中市大里區瑞城里塗城路310號1樓,(04)24924307
BP7,詳昇車業行,臺中市西區大忠里五權五街232號1樓,(04)23785959
BP8,普瑒機車行,臺中市北區進化路648之8號1樓、2樓,(04)22375586
BP9,太通機車行,臺中市神岡區豐洲里豐洲路165號1樓,(04)25242199
BQ1,昆鋒機車行,臺中市北區錦洲里進化路458號1樓,(04)22316200
BQ2,德旺二輪車業,臺中市沙鹿區晉江里臺灣大道七段130號1樓,(04)26336268
BQ3,南輪車行,臺中市東區振興路2-8號1樓、2樓,(04)22252407
BQ4,達興機車行,臺中市大肚區文昌路1段74巷5號1樓,(04)26981578
BQ5,上禾機車行,臺中市新社區中興里中興嶺90之6號1樓,(04)25820234
BQ6,廣裕汽車股份有限公司,臺中市北屯區松竹路一段901號,(04)24377800
BQ7,宏洋車業行,臺中市北區山西路二段113號1樓,(04)22936484
BQ8,佑達機車行,臺中市龍井區東海里國際街221號1樓,(04)26316111
BQ9,紅家機車行,臺中市沙鹿區鎮南路二段81、83號1F,(04)26368823
BR2,復興機車行,臺中市南區大慶街一段303號,(04)36090366
BR3,良發車業有限公司,臺中市梧棲區下寮里居仁街350巷16號,(04)26563950
BR4,修吉輪業商行,臺中市太平區東平路131號1樓,(04)22702972
BR5,東信機車行,臺中市東區振興里大智路209號1樓,(04)22805667
BR6,昇億機車行,臺中市太平區新坪里樹孝路298號1樓,(04)23927755
BR7,尚傑車業,臺中市北屯區松安里崇德二路一段196號1樓,(04)22493485
BR8,昇皇車業,臺中市大里區立仁里立仁路78號1樓,(04)22797425
BR9,聯達機車行,臺中市大雅區上楓里民生路三段405號1樓,(04)25680118
BS1,宥佳輪業行,臺中市北屯區平和里文心路四段259號1樓,(04)22959950
BS2,永川機車行,臺中市大甲區孟春里慈德路149號1樓,(04)26818982
BZ0,移動式定檢站(中市移動),臺中市西區民權路99號,(04)22297045
L02,佳陸車業有限公司,臺中市豐原區田心里中山路230號,(04)25264886
L03,通陽車業股份有限公司,臺中市豐原區豐原大道四段265號,(04)25264698
L04,台一機車行,臺中市豐原區田心里成功路34號1樓,(04)25264895
L05,東生機車行,臺中市豐原區南陽里永康路5號1樓,(04)25227673
L07,新東機車行,臺中市神岡區岸裡里中山路41號,(04)25233458
L08,元春機車行,臺中市神岡區北庄里中山路1186號,(04)25624106
L09,昆明機車行,臺中市東勢區南平里豐勢路346號,(04)25872680
L11,信泰機車行,臺中市東勢區北興里豐勢路621號,(04)25875776
L12,元富機車有限公司,臺中市潭子區頭家東里中山路一段328號,(04)25336959
L13,大龍機車行,臺中市潭子區潭秀里中山路二段578、582號,(04)25325585
L14,大明輪業商行,臺中市潭子區潭陽里潭子街二段59號,(04)25367072
L15,坤發車業商行,臺中市潭子區潭秀里中山路二段570號,(04)25322776
L16,祥僑輪業有限公司,臺中市太平區平安里太平路120號,(04)22795078
L17,全陽輪業有限公司,臺中市太平區中興東路5號1樓、7號1樓,(04)22797002
L18,旺泰益車業有限公司,臺中市大雅區中清東路5號,(04)25664073
L19,吉富機車行,臺中市大雅區大雅里中清東路162、166號,(04)25668239
L20,霧峰伯祥車業有限公司,臺中市霧峰區本鄉里林森路910號,(04)23325586
L21,振森輪業有限公司,臺中市霧峰區本堂里中正路669號1樓,(04)23394245
L22,誠豐車行有限公司,臺中市霧峰區中正路1157號,(04)23393151
L23,復輪達輪業有限公司,臺中市烏日區仁德里中山路一段395號1樓,(04)23377117
L24,新萬來輪業有限公司,臺中市大里區東興里益民路二段337號,(04)24818355
L25,偉達車業有限公司,臺中市大里區日新里中興路二段612號1樓,(04)24860003
L26,宏勝機車行,臺中市大里區金城里塗城路622號,(04)24951666
L27,和昌機車行,臺中市大里區塗城里塗城路329、331號1樓,(04)24950375
L28,幸福車行,臺中市大里區東湖里中興路一段203號,(04)24921726
L29,新建龍車業行,臺中市清水區橋頭里中華路530號1樓,(04)26237181
L30,吉雄輪業商行,臺中市清水區西社里海濱路111之1號,(04)26225643
L31,金財輪業行,臺中市清水區清水里中山路96號1樓,(04)26222763
L32,德源輪業有限公司,臺中市清水區下湳里中山路396之29號,(04)26234558
L33,光倫輪業有限公司,臺中市后里區墩東里民生路187號,(04)25562602
L35,新輪車業行,臺中市沙鹿區福興里鎮南路二段413號,(04)26363212
L36,成建機車行,臺中市龍井區龍津里中央路1段262號1樓,(04)26397373
L37,志翔車業行,臺中市大肚區頂街里沙田路二段750號1樓,(04)26980057
L38,國暐輪業有限公司,臺中市大安區海墘里大安港路1105號,(04)26861320
L39,永傳輪業有限公司,臺中市大甲區岷山里中山路一段896號,(04)26882233
L40,明德輪業商行,臺中市大甲區薰風里順天路44號1樓,(04)26875618
L41,新益機車行,臺中市大甲區文武里信義路275號1樓,(04)26862103
L42,移動式定檢站(中市移動),臺中市西區民權路99號,(04)22297045
L44,億豐機車行,臺中市大甲區頂店里中山路一段1243號1樓,(04)26876607
L45,久田機車行,臺中市大甲區頂店里中山路一段1265號1樓,(04)26876183
L47,三富輪業行,臺中市大甲區新美里順天路5號1樓,(04)26877986
L48,吉源機車行,臺中市大肚區頂街里沙田路三段89號1樓,(04)26992960
L49,草湖機車行,臺中市大里區東湖里中興路一段153號,(04)24938848
L50,盛偉車業有限公司,臺中市大里區金城里中興路一段344號一樓,(04)24939526
L51,嘉信機車行,臺中市大里區仁德里仁化路529號,(04)24914745
L52,德寶機車行,臺中市大里區瑞城里成功路397號1樓,(04)24952714
L53,嘉慶車業有限公司,臺中市大里區大里里長興一街20號1樓,(04)24064356
L54,瑞欣機車行,臺中市大里區東興里益民路二段330號,(04)24811150
L55,松岳車業有限公司,臺中市大里區瑞城里塗城路491號1樓,(04)24925080
L56,正成車行,臺中市大雅區大雅里中清東路111號,(04)25662066
L57,太三車業有限公司,臺中市大雅區雅楓里民生路三段115號,(04)25660150
L58,源順機車行,臺中市太平區坪林里中山路二段134號1樓,(04)23931236
L59,鴻騏車行,臺中市太平區新吉里中山路三段134號1樓,(04)23910738
L60,尚億機車行,臺中市太平區新福里中山路四段158號1樓,(04)23951611
L61,嘉欣機車行,臺中市太平區興隆里光興路1438號,(04)22704770
L62,直興輪業有限公司,臺中市太平區長億里長億路60號1樓,(04)22796713
L63,吉隆輪業商行,臺中市太平區宜佳里新平路二段93號1樓,(04)22777726
L66,福聯車業行,臺中市后里區墩東里文明路101號,(04)25560960
L67,永益機車行,臺中市后里區墩北里甲后路一段985號1樓,(04)25565042
L68,高輪機車行,臺中市沙鹿區興仁里沙田路71號,(04)26368329
L70,吳金龍機車行,臺中市沙鹿區福興里鎮南路二段243號1樓,(04)26355604
L71,坤晁車業有限公司,臺中市東勢區延平里豐勢路300號,(04)25873066
L73,永鴻輪業商行,臺中市烏日區烏日里中山路二段162號1樓,(04)23371718
L74,萬豐機車行,臺中市神岡區北庄里中山路1303號,(04)25623702
L75,華南輪業行,臺中市神岡區社南里民生路32-1號1樓,(04)25625275
L76,良安機車有限公司,臺中市梧棲區安仁里民生街93號,(04)26563267
L77,祥益機車行,臺中市梧棲區大庄里臺灣大道八段525巷40號 1樓,(04)26560098
L78,東昌機車行,臺中市梧棲區大庄里臺灣大道八段716號,(04)26565688
L79,大展機車行,臺中市梧棲區大庄里文昌路551號,(04)26561349
L80,金倫車業有限公司,臺中市清水區橋頭里五權路28號1樓,(04)26261919
L82,興松機車行,臺中市新社區新社里興安路39號1樓,(04)25817668
L83,岱億機車行,臺中市潭子區頭家東里中山路一段272號1樓,(04)25320819
L84,協昌機車行,臺中市潭子區潭秀里中山路二段465號,(04)25321495
L85,羽翔機車行,臺中市潭子區潭陽里福潭路211號1樓,(04)25368392
L86,德旺機車行,臺中市龍井區三德里中央路二段107號1樓,(04)26395039
L87,發成機車行,臺中市龍井區新東里新興路79號1樓,(04)26310077
L88,全德機車行,臺中市豐原區西湳里文賢街201號1樓,(04)25226691
L89,福山輪業行,臺中市豐原區豐田里豐田路35號1樓,(04)25270081
L90,海讌車業有限公司,臺中市豐原區豐圳里成功路586號1樓、2樓,(04)25238382
L91,桐林機車行,臺中市豐原區南陽里圓環東路209號1樓,(04)25263572
L93,弘昇車業行,臺中市豐原區翁子里豐勢路二段2號1樓,(04)25272648
L94,佳億機車行,臺中市大甲區薰風里水源路2之15號1樓,(04)26860866
L95,松承機車行,臺中市大甲區西岐里順帆路92之2號1樓,(04)26812254
L96,豐盛機車行,臺中市大甲區薰風里順天路30號,(04)26875957
L97,上弘機車行,臺中市大甲區日南里黎明路3之1號,(04)26820888
L98,佳和輪業有限公司,臺中市大甲區庄美里興安路54-1號,(04)26866153
L99,吉昌機車行,臺中市大甲區平安里信義路105號,(04)26873190
LA0,欣昌機車行,臺中市大安區中庄里中山南路458號1樓,(04)26712353
LA1,永任機車行,臺中市大肚區王田里沙田路一段77號1樓,(04)26933568
LA4,修平車業有限公司,臺中市大里區仁化里仁化路516號1樓,(04)24914290
LA5,?發機車行,臺中市大里區內新里中興路二段554號,(04)24860171
LA6,泰興車行,臺中市大里區祥興里中興路二段866號,(04)24866789
LA7,大暉輪業有限公司,臺中市大里區仁化里仁化路392號,(04)24919956
LA8,太山輪業商行,臺中市大里區東里路18號1樓,(04)24061489
LA9,高士車業行,臺中市大里區東興里國光路2段386號1樓,(04)24820061
LB0,昌隆機車行,臺中市大雅區四德里中清路三段838號,(04)25660637
LB1,志昌機車行,臺中市太平區中山里大源2街30號,(04)23927705
LB2,宏威機車行,臺中市太平區坪林里中山路二段67號1樓,(04)23925968
LB3,成龍機車行,臺中市太平區坪林里中山路二段175號,(04)23933028
LB4,信豪機車行,臺中市太平區中山里中山路二段539號1樓,(04)23923923
LB5,永久機車行,臺中市太平區新城里中山路三段180號,(04)23918375
LB6,建利機車行,臺中市太平區中興里太平路628號,(04)22784369
LB7,三和機車行,臺中市太平區中政里中興路89號1樓,(04)22707302
LB8,捍族機車商行,臺中市太平區成功里中興東路348號1樓,(04)22762611
LB9,旭鴻機車行,臺中市太平區永成里太平路241號1樓,(04)22763726
LC0,振盛機車行,臺中市太平區新高里廣三街22號1樓,(04)23957228
LC1,正大機車行,臺中市太平區光隆里光興路1038號,(04)22782967
LC2,千億車業,臺中市太平區宜欣里宜昌路391號1樓,(04)22731158
LC3,立成機車行,臺中市外埔區大東里甲后路五段51號1樓,(04)26874835
LC4,忠益機車行,臺中市石岡區萬安里豐勢路1131號1樓,(04)25722281
LC5,光輝機車行,臺中市后里區后里里三豐路三段969號,(04)25562809
LC6,明輝國際有限公司,臺中市后里區厚里里民生路35號1樓,(04)25563042
LC7,明元機車行,臺中市后里區厚里里甲后路一段742號1樓,(04)25564776
LC8,正峰機車行,臺中市后里區眉山里甲后路二段405號1樓,(04)25563651
LD0,內埔機車行,臺中市后里區墩東里文化路43號1樓,(04)25563797
LD1,尚旺機車行,臺中市沙鹿區北勢里北勢東路523號,(04)26529996
LD2,大統機車行,臺中市沙鹿區鹿寮里光華路320號1樓,(04)26652729
LD3,全營機車行,臺中市東勢區福隆里東坑路353號1樓,(04)25881630
LD4,正揚機車行,臺中市東勢區泰昌里東崎路五段456號1樓,(04)25888317
LD5,昭通機車行,臺中市東勢區粵寧里豐勢路574號1樓,(04)25872851
LD6,進昌輪業商行,臺中市烏日區九德里中山路一段490號,(04)23372265
LD7,正荃機車行,臺中市烏日區九德里興祥街103、105號1樓,(04)23370717
LD8,榮泰輪業商行,臺中市烏日區五光里五光路141號1樓,(04)23371714
LD9,煌原機車行,臺中市烏日區溪埧里溪南路一段730號1樓,(04)23353396
LE0,新傑機車行,臺中市神岡區社口里中山路776之1號,(04)25621780
LE1,三?機車行,臺中市神岡區社南里中山路719-5號1樓,(04)25628258
LE2,宏隆機車行,臺中市神岡區神岡里神岡路57號,(04)25616282
LE3,和炳車業行,臺中市梧棲區文化里中和街23號1樓,(04)26562678
LE4,伸發車業有限公司,臺中市清水區南寧里鰲峰路36號1樓,(04)26234222
LE5,信揮機車行,臺中市清水區北寧里中山路226號1樓,(04)26222032
LE6,瑞明車業行,臺中市清水區北寧里中山路306巷5號1樓,(04)26230615
LE7,鑫輪車業行,臺中市清水區南社里鰲峰路373號1樓,(04)26271949
LE8,昌平車行,臺中市潭子區潭秀里中山路二段508號,(04)25328736
LE9,侑輪機車行,臺中市潭子區潭秀里中山路二段532號,(04)25323431
LF0,益新機車行,臺中市潭子區潭秀里中山路二段522號,(04)25327270
LF1,正全宏輪業行,臺中市潭子區嘉仁里福潭路728號1樓,(04)25368084
LF2,三發機車行,臺中市潭子區栗林里祥和路126號,(04)25362199
LF3,國洲機車行,臺中市潭子區栗林里祥和路177號1樓,(04)25373336
LF4,崑崙車行,臺中市潭子區東寶里大豐路二段9號1樓,(04)25325817
LF5,源通機車行,臺中市潭子區潭陽里圓通南路199號1樓,(04)25350400
LF6,永新機車行,臺中市潭子區甘蔗里潭興路三段128號1樓,(04)25323580
LF7,江龍機車行,臺中市龍井區龍崗里沙田路四段598巷3號1樓,(04)26352647
LF8,合順機車行,臺中市龍井區新東里新興路42號1樓,(04)26321056
LF9,承旺機車行,臺中市龍井區新東里新興路51之3號,(04)26319040
LG1,永達機車行,臺中市豐原區社皮里大豐路五段465號,(04)25238069
LG2,毅泰輪業行,臺中市豐原區豐西里源豐路21號,(04)25223538
LG3,東光車業有限公司,臺中市豐原區社皮里成功路306號1樓,(04)25154255
LG4,金瓏機車行,臺中市豐原區西湳里三豐路二段119號1樓,(04)25224680
LG5,大春機車行,臺中市豐原區東勢里中山路382號,(04)25268503
LG6,東平機車行,臺中市豐原區圳寮里中山路579號,(04)25243600
LG7,定成機車零件廠,臺中市豐原區南村里水源路305號,(04)25228727
LG8,茂盛工業社,臺中市豐原區西安里西勢路160號,(04)25261855
LG9,祥興機車行,臺中市豐原區圳寮里圓環北路一段30號1樓,(04)25272391
LH0,正興機車行,臺中市豐原區圓環東路351號1樓,(04)25232675
LH1,綸泰企業(股)公司豐原分公司,臺中市豐原區圓環南路239號1樓,(04)25240756
LH2,偉昌機車行,臺中市豐原區中陽里豐陽路58號1樓,(04)25241398
LH3,源龍機車行,臺中市豐原區鎌村里鎌村路561號1樓,(04)25372222
LH4,長益車業有限公司,臺中市霧峰區中正路606號1樓,(04)23397115
LH5,玉豐機車行,臺中市霧峰區甲寅里中正路1179號1樓,(04)23300928
LH6,勝鴻車業行,臺中市潭子區潭陽里復興路二段114號1樓,(04)25361488
LH7,見來機車行,臺中市沙鹿區興仁里沙田路132號1樓,(04)26628734
LH8,大勝機車行,臺中市大里區立德里立仁路158號,(04)22780762
LH9,懿宏機車有限公司,臺中市大里區內新里益民路一段209號1樓,(04)24854199
LI0,建長機車行,臺中市新社區大南里中和街二段298號1樓,(04)25811165
LI1,大維機車行,臺中市霧峰區本堂里中正路767之7號1樓,(04)23337788
LI2,文政機車行,臺中市潭子區大豐路三段184號,(04)25355119
LI3,永一機車行,臺中市大肚區頂街里沙田路三段234號1樓,(04)26993798
